{"cameraMode":{"drawMode":0,"name":"Shaded","section":"Shading Mode"},"sceneLighting":true,"audioPlay":false,"sceneViewState":{"showFog":false,"showMaterialUpdate":false,"showSkybox":true,"showFlares":true,"showImageEffects":false,"showParticleSystems":false},"in2DMode":false,"pivot":{"x":161.6688995361328,"y":918.831298828125,"z":44.428863525390628},"rotation":{"x":-0.17548473179340363,"y":-0.0008932177443057299,"z":0.0001596798247192055,"w":-0.9844837188720703},"size":569.9237670898438,"orthographic":false}