{"cameraMode":{"drawMode":0,"name":"Shaded","section":"Shading Mode"},"sceneLighting":false,"audioPlay":false,"sceneViewState":{"showFog":false,"showMaterialUpdate":false,"showSkybox":false,"showFlares":true,"showImageEffects":false,"showParticleSystems":false},"in2DMode":false,"pivot":{"x":-1.4676249027252198,"y":-0.5064317584037781,"z":2.5886948108673097},"rotation":{"x":-0.32065868377685549,"y":0.49938899278640749,"z":-0.20580101013183595,"w":-0.7781005501747131},"size":7.239346027374268,"orthographic":false}