{"cameraMode":{"drawMode":0,"name":"Shaded","section":"Shading Mode"},"sceneLighting":false,"audioPlay":false,"sceneViewState":{"showFog":false,"showMaterialUpdate":false,"showSkybox":false,"showFlares":true,"showImageEffects":false,"showParticleSystems":false},"in2DMode":false,"pivot":{"x":-3.0511789321899416,"y":-3.724991798400879,"z":7.5516462326049809},"rotation":{"x":-0.2735196053981781,"y":0.42117270827293398,"z":-0.13486550748348237,"w":-0.8541750907897949},"size":19.81686019897461,"orthographic":false}