{"cameraMode":{"drawMode":0,"name":"Shaded","section":"Shading Mode"},"sceneLighting":true,"audioPlay":false,"sceneViewState":{"showFog":false,"showMaterialUpdate":false,"showSkybox":true,"showFlares":true,"showImageEffects":false,"showParticleSystems":false},"in2DMode":false,"pivot":{"x":-0.7769783735275269,"y":3.175055503845215,"z":-2.403020143508911},"rotation":{"x":0.27128562331199648,"y":0.4305054545402527,"z":-0.13743114471435548,"w":0.8498315811157227},"size":2.149841070175171,"orthographic":false}