{"cameraMode":{"drawMode":0,"name":"Shaded","section":"Shading Mode"},"sceneLighting":true,"audioPlay":false,"sceneViewState":{"showFog":false,"showMaterialUpdate":false,"showSkybox":true,"showFlares":true,"showImageEffects":false,"showParticleSystems":false},"in2DMode":false,"pivot":{"x":1.3269716501235963,"y":2.700803756713867,"z":2.430514097213745},"rotation":{"x":0.098358653485775,"y":-0.7137923240661621,"z":0.10237879306077957,"w":0.6858192682266235},"size":18.05006217956543,"orthographic":false}