{"cameraMode":{"drawMode":0,"name":"Shaded","section":"Shading Mode"},"sceneLighting":true,"audioPlay":false,"sceneViewState":{"showFog":false,"showMaterialUpdate":false,"showSkybox":true,"showFlares":true,"showImageEffects":false,"showParticleSystems":false},"in2DMode":false,"pivot":{"x":-7.80256986618042,"y":-0.373934268951416,"z":11.060948371887207},"rotation":{"x":0.1699415147304535,"y":-0.05082670971751213,"z":0.008777006529271603,"w":0.984104335308075},"size":25.35616683959961,"orthographic":false}