{"cameraMode":{"drawMode":0,"name":"Shaded","section":"Shading Mode"},"sceneLighting":true,"audioPlay":false,"sceneViewState":{"showFog":false,"showMaterialUpdate":false,"showSkybox":true,"showFlares":true,"showImageEffects":false,"showParticleSystems":false},"in2DMode":false,"pivot":{"x":11.142029762268067,"y":7.726742267608643,"z":3.8518693447113039},"rotation":{"x":0.09257735311985016,"y":-0.8321539163589478,"z":0.14623631536960603,"w":0.5268499851226807},"size":2.5944478511810304,"orthographic":false}