{"cameraMode":{"drawMode":0,"name":"Shaded","section":"Shading Mode"},"sceneLighting":true,"audioPlay":false,"sceneViewState":{"showFog":false,"showMaterialUpdate":false,"showSkybox":true,"showFlares":true,"showImageEffects":false,"showParticleSystems":false},"in2DMode":false,"pivot":{"x":-4.446597099304199,"y":-2.632673740386963,"z":4.921369552612305},"rotation":{"x":0.2698928117752075,"y":-0.6464731693267822,"z":0.26301780343055727,"w":0.6633691191673279},"size":12.726378440856934,"orthographic":false}