{"cameraMode":{"drawMode":0,"name":"Shaded","section":"Shading Mode"},"sceneLighting":true,"audioPlay":false,"sceneViewState":{"showFog":false,"showMaterialUpdate":false,"showSkybox":true,"showFlares":true,"showImageEffects":false,"showParticleSystems":false},"in2DMode":false,"pivot":{"x":-16.434322357177736,"y":0.5064347982406616,"z":0.8478107452392578},"rotation":{"x":-0.06970468163490296,"y":0.7270570993423462,"z":-0.07463256269693375,"w":-0.6789558529853821},"size":22.0,"orthographic":false}