{"cameraMode":{"drawMode":0,"name":"Shaded","section":"Shading Mode"},"sceneLighting":true,"audioPlay":false,"sceneViewState":{"showFog":false,"showMaterialUpdate":false,"showSkybox":true,"showFlares":true,"showImageEffects":false,"showParticleSystems":false},"in2DMode":false,"pivot":{"x":-16.110504150390626,"y":5.784048557281494,"z":-10.716782569885254},"rotation":{"x":0.2412603795528412,"y":0.3678182363510132,"z":-0.09942498058080673,"w":0.892535388469696},"size":92.17185974121094,"orthographic":false}