{"cameraMode":{"drawMode":0,"name":"Shaded","section":"Shading Mode"},"sceneLighting":false,"audioPlay":false,"sceneViewState":{"showFog":false,"showMaterialUpdate":false,"showSkybox":false,"showFlares":true,"showImageEffects":false,"showParticleSystems":false},"in2DMode":false,"pivot":{"x":0.1620669662952423,"y":1.5954368114471436,"z":-0.15100951492786408},"rotation":{"x":0.14897888898849488,"y":-0.555371880531311,"z":0.10192076116800308,"w":0.8117848038673401},"size":2.124504566192627,"orthographic":false}