{"cameraMode":{"drawMode":0,"name":"Shaded","section":"Shading Mode"},"sceneLighting":true,"audioPlay":false,"sceneViewState":{"showFog":false,"showMaterialUpdate":false,"showSkybox":true,"showFlares":true,"showImageEffects":false,"showParticleSystems":false},"in2DMode":false,"pivot":{"x":6.658395767211914,"y":-4.111773490905762,"z":14.819465637207032},"rotation":{"x":-0.18435949087142945,"y":-0.1549663543701172,"z":0.029463155195116998,"w":-0.9701308012008667},"size":21.700000762939454,"orthographic":false}