{"cameraMode":{"drawMode":0,"name":"Shaded","section":"Shading Mode"},"sceneLighting":true,"audioPlay":false,"sceneViewState":{"showFog":false,"showMaterialUpdate":false,"showSkybox":true,"showFlares":true,"showImageEffects":false,"showParticleSystems":false},"in2DMode":false,"pivot":{"x":-1.3062491416931153,"y":14.65865421295166,"z":-6.547458171844482},"rotation":{"x":0.3471933901309967,"y":0.3498789370059967,"z":-0.14149761199951173,"w":0.8585001230239868},"size":9.979750633239746,"orthographic":false}