{"cameraMode":{"drawMode":0,"name":"Shaded","section":"Shading Mode"},"sceneLighting":true,"audioPlay":false,"sceneViewState":{"showFog":true,"showMaterialUpdate":false,"showSkybox":true,"showFlares":true,"showImageEffects":false,"showParticleSystems":false},"in2DMode":false,"pivot":{"x":0.5096246004104614,"y":1.9881982803344727,"z":3.3205885887145998},"rotation":{"x":-0.20044803619384767,"y":-0.09623073041439057,"z":0.019788557663559915,"w":-0.9747664332389832},"size":13.943410873413086,"orthographic":false}