{"cameraMode":{"drawMode":0,"name":"Shaded","section":"Shading Mode"},"sceneLighting":true,"audioPlay":false,"sceneViewState":{"showFog":false,"showMaterialUpdate":false,"showSkybox":true,"showFlares":true,"showImageEffects":false,"showParticleSystems":false},"in2DMode":false,"pivot":{"x":-3.342118740081787,"y":13.908055305480957,"z":-6.348362922668457},"rotation":{"x":0.4586879014968872,"y":0.12584654986858369,"z":-0.06580694764852524,"w":0.8771777749061585},"size":5.951473712921143,"orthographic":false}