{"cameraMode":{"drawMode":0,"name":"Shaded","section":"Shading Mode"},"sceneLighting":true,"audioPlay":false,"sceneViewState":{"showFog":true,"showMaterialUpdate":false,"showSkybox":true,"showFlares":true,"showImageEffects":false,"showParticleSystems":false},"in2DMode":false,"pivot":{"x":-50.9176025390625,"y":-0.7609398365020752,"z":-41.5621452331543},"rotation":{"x":0.0997457206249237,"y":-0.6151675581932068,"z":0.07886175811290741,"w":0.778075098991394},"size":9.623200416564942,"orthographic":false}