{"cameraMode":{"drawMode":0,"name":"Shaded","section":"Shading Mode"},"sceneLighting":false,"audioPlay":false,"sceneViewState":{"showFog":false,"showMaterialUpdate":false,"showSkybox":false,"showFlares":true,"showImageEffects":false,"showParticleSystems":false},"in2DMode":false,"pivot":{"x":-3.4237096309661867,"y":-3.064419746398926,"z":-1.4133679866790772},"rotation":{"x":0.15550123155117036,"y":-0.840427815914154,"z":0.31922152638435366,"w":0.4093954265117645},"size":10.133230209350586,"orthographic":false}