{"cameraMode":{"drawMode":0,"name":"Shaded","section":"Shading Mode"},"sceneLighting":false,"audioPlay":false,"sceneViewState":{"showFog":false,"showMaterialUpdate":false,"showSkybox":false,"showFlares":true,"showImageEffects":false,"showParticleSystems":false},"in2DMode":false,"pivot":{"x":-14.094954490661621,"y":-1.7219258546829224,"z":14.186033248901368},"rotation":{"x":0.14219744503498078,"y":-0.25952884554862978,"z":0.03866485878825188,"w":0.9544321298599243},"size":12.801888465881348,"orthographic":false}