{"cameraMode":{"drawMode":0,"name":"Shaded","section":"Shading Mode"},"sceneLighting":true,"audioPlay":false,"sceneViewState":{"showFog":false,"showMaterialUpdate":false,"showSkybox":true,"showFlares":true,"showImageEffects":false,"showParticleSystems":false},"in2DMode":false,"pivot":{"x":-6.308261871337891,"y":7.350535869598389,"z":0.6216792464256287},"rotation":{"x":0.09363800287246704,"y":0.6302346587181091,"z":-0.07695263624191284,"w":0.7668871879577637},"size":63.037872314453128,"orthographic":false}