{"cameraMode":{"drawMode":0,"name":"Shaded","section":"Shading Mode"},"sceneLighting":true,"audioPlay":false,"sceneViewState":{"showFog":true,"showMaterialUpdate":false,"showSkybox":true,"showFlares":true,"showImageEffects":false,"showParticleSystems":false},"in2DMode":false,"pivot":{"x":-34.607139587402347,"y":6.0285210609436039,"z":-33.728363037109378},"rotation":{"x":0.08774474263191223,"y":-0.8911558985710144,"z":0.19554007053375245,"w":0.39988720417022707},"size":5.533317565917969,"orthographic":false}