{"cameraMode":{"drawMode":0,"name":"Shaded","section":"Shading Mode"},"sceneLighting":true,"audioPlay":false,"sceneViewState":{"showFog":false,"showMaterialUpdate":false,"showSkybox":true,"showFlares":true,"showImageEffects":false,"showParticleSystems":false},"in2DMode":false,"pivot":{"x":-342.9925537109375,"y":-146.64791870117188,"z":-232.8887481689453},"rotation":{"x":0.43583011627197268,"y":-0.04264836013317108,"z":0.020685769617557527,"w":0.898793637752533},"size":355.84503173828127,"orthographic":false}