{"cameraMode":{"drawMode":0,"name":"Shaded","section":"Shading Mode"},"sceneLighting":true,"audioPlay":false,"sceneViewState":{"showFog":false,"showMaterialUpdate":false,"showSkybox":true,"showFlares":true,"showImageEffects":false,"showParticleSystems":false},"in2DMode":false,"pivot":{"x":18.583343505859376,"y":-61.35725402832031,"z":1.8746557235717774},"rotation":{"x":0.2436566948890686,"y":0.6759187579154968,"z":-0.25441882014274599,"w":0.6473320126533508},"size":148.60195922851563,"orthographic":false}