{"cameraMode":{"drawMode":0,"name":"Shaded","section":"Shading Mode"},"sceneLighting":true,"audioPlay":false,"sceneViewState":{"showFog":true,"showMaterialUpdate":false,"showSkybox":true,"showFlares":true,"showImageEffects":false,"showParticleSystems":false},"in2DMode":false,"pivot":{"x":-508.7889404296875,"y":-359.47344970703127,"z":1286.4078369140625},"rotation":{"x":0.12489055842161179,"y":-0.18635177612304688,"z":0.023889441043138505,"w":0.974219799041748},"size":1468.911865234375,"orthographic":false}