{"cameraMode":{"drawMode":0,"name":"Shaded","section":"Shading Mode"},"sceneLighting":true,"audioPlay":false,"sceneViewState":{"showFog":false,"showMaterialUpdate":false,"showSkybox":true,"showFlares":true,"showImageEffects":false,"showParticleSystems":false},"in2DMode":false,"pivot":{"x":-43.41920852661133,"y":64.65998077392578,"z":-9.70403003692627},"rotation":{"x":0.37920963764190676,"y":0.5715072154998779,"z":-0.3356238603591919,"w":0.6457254886627197},"size":19.42994499206543,"orthographic":false}