{"cameraMode":{"drawMode":0,"name":"Shaded","section":"Shading Mode"},"sceneLighting":false,"audioPlay":false,"sceneViewState":{"showFog":false,"showMaterialUpdate":false,"showSkybox":false,"showFlares":true,"showImageEffects":false,"showParticleSystems":false},"in2DMode":false,"pivot":{"x":6.809999942779541,"y":0.699999988079071,"z":-1.250000238418579},"rotation":{"x":0.09271334111690521,"y":-0.5756454467773438,"z":0.06590931862592697,"w":0.8097488284111023},"size":9.52437686920166,"orthographic":false}