{"cameraMode":{"drawMode":0,"name":"Shaded","section":"Shading Mode"},"sceneLighting":true,"audioPlay":false,"sceneViewState":{"showFog":true,"showMaterialUpdate":false,"showSkybox":true,"showFlares":true,"showImageEffects":false,"showParticleSystems":false},"in2DMode":false,"pivot":{"x":614.0048217773438,"y":290.4090270996094,"z":458.25140380859377},"rotation":{"x":0.1265300214290619,"y":-0.1790059357881546,"z":0.02322051301598549,"w":0.9754038453102112},"size":628.950927734375,"orthographic":false}