{"cameraMode":{"drawMode":0,"name":"Shaded","section":"Shading Mode"},"sceneLighting":false,"audioPlay":false,"sceneViewState":{"showFog":false,"showMaterialUpdate":false,"showSkybox":false,"showFlares":true,"showImageEffects":false,"showParticleSystems":false},"in2DMode":false,"pivot":{"x":-15.938545227050782,"y":0.18331556022167207,"z":-1.1523633003234864},"rotation":{"x":0.035281967371702197,"y":-0.8954527378082275,"z":0.07214699685573578,"w":0.4378620982170105},"size":12.801888465881348,"orthographic":false}