{"cameraMode":{"drawMode":0,"name":"Shaded","section":"Shading Mode"},"sceneLighting":true,"audioPlay":false,"sceneViewState":{"showFog":false,"showMaterialUpdate":false,"showSkybox":true,"showFlares":true,"showImageEffects":false,"showParticleSystems":false},"in2DMode":false,"pivot":{"x":-15.071298599243164,"y":-2.1027417182922365,"z":-3.043093681335449},"rotation":{"x":-0.09936539828777313,"y":0.7823215126991272,"z":-0.12929800152778626,"w":-0.6011689305305481},"size":22.0,"orthographic":false}