{"cameraMode":{"drawMode":0,"name":"Shaded","section":"Shading Mode"},"sceneLighting":false,"audioPlay":false,"sceneViewState":{"showFog":false,"showMaterialUpdate":false,"showSkybox":false,"showFlares":true,"showImageEffects":false,"showParticleSystems":false},"in2DMode":false,"pivot":{"x":-7.504390239715576,"y":-3.5478031635284426,"z":-0.5805208086967468},"rotation":{"x":0.1873970329761505,"y":-0.7015341520309448,"z":0.19983163475990296,"w":0.6578794717788696},"size":10.133230209350586,"orthographic":false}