{"cameraMode":{"drawMode":0,"name":"Shaded","section":"Shading Mode"},"sceneLighting":true,"audioPlay":false,"sceneViewState":{"showFog":false,"showMaterialUpdate":false,"showSkybox":true,"showFlares":true,"showImageEffects":false,"showParticleSystems":false},"in2DMode":false,"pivot":{"x":-48.658973693847659,"y":68.47301483154297,"z":-10.15768814086914},"rotation":{"x":0.4287770092487335,"y":0.5380602478981018,"z":-0.3692942261695862,"w":0.6247304677963257},"size":19.42994499206543,"orthographic":false}