{"cameraMode":{"drawMode":0,"name":"Shaded","section":"Shading Mode"},"sceneLighting":false,"audioPlay":false,"sceneViewState":{"showFog":false,"showMaterialUpdate":false,"showSkybox":false,"showFlares":true,"showImageEffects":false,"showParticleSystems":false},"in2DMode":false,"pivot":{"x":-15.211271286010743,"y":-3.6315412521362306,"z":5.475503444671631},"rotation":{"x":0.21885991096496583,"y":-0.6825039386749268,"z":0.22647543251514436,"w":0.6595491170883179},"size":11.72307300567627,"orthographic":false}