{"cameraMode":{"drawMode":0,"name":"Shaded","section":"Shading Mode"},"sceneLighting":false,"audioPlay":false,"sceneViewState":{"showFog":false,"showMaterialUpdate":false,"showSkybox":false,"showFlares":true,"showImageEffects":false,"showParticleSystems":false},"in2DMode":false,"pivot":{"x":-15.042594909667969,"y":-3.799549102783203,"z":4.8695597648620609},"rotation":{"x":0.21698977053165437,"y":-0.7017626166343689,"z":0.2398986667394638,"w":0.6347442865371704},"size":11.72307300567627,"orthographic":false}