{"cameraMode":{"drawMode":0,"name":"Shaded","section":"Shading Mode"},"sceneLighting":false,"audioPlay":false,"sceneViewState":{"showFog":false,"showMaterialUpdate":false,"showSkybox":false,"showFlares":true,"showImageEffects":false,"showParticleSystems":false},"in2DMode":false,"pivot":{"x":-14.611777305603028,"y":12.209444999694825,"z":2.4787826538085939},"rotation":{"x":0.106134794652462,"y":0.28457316756248476,"z":-0.03171699121594429,"w":0.9522344470024109},"size":15.883244514465332,"orthographic":false}