{"cameraMode":{"drawMode":0,"name":"Shaded","section":"Shading Mode"},"sceneLighting":true,"audioPlay":false,"sceneViewState":{"showFog":false,"showMaterialUpdate":false,"showSkybox":true,"showFlares":true,"showImageEffects":false,"showParticleSystems":false},"in2DMode":false,"pivot":{"x":985.1853637695313,"y":412.4246520996094,"z":-23.92657470703125},"rotation":{"x":0.11658152937889099,"y":0.050629474222660068,"z":-0.005950788035988808,"w":0.9918726086616516},"size":740.5506591796875,"orthographic":false}